City_ID,City,Lat,Lng,Max Temp,Humidity,Cloudiness,Wind Speed,Country,Date
0,Flinders,-34.5833,150.8552,64.18,52,23,11.01,AU,2022-12-14 21:49:00
1,Ostrovnoy,68.0531,39.5131,22.66,94,100,15.84,RU,2022-12-14 21:44:40
2,Maumere,-8.6199,122.2111,80.8,77,100,3.33,ID,2022-12-14 21:48:22
3,Airai,-8.9266,125.4092,62.01,84,68,1.39,TL,2022-12-14 21:49:01
4,Rawah,34.4816,41.9093,58.96,62,100,7.78,IQ,2022-12-14 21:49:01
5,Kodiak,57.79,-152.4072,35.11,93,100,3.44,US,2022-12-14 21:42:15
6,Karratha,-20.7377,116.8463,80.26,37,4,11.54,AU,2022-12-14 21:49:02
7,Halifax,44.6453,-63.5724,32.0,67,75,6.91,CA,2022-12-14 21:48:21
8,Khandyga,62.6667,135.6,-62.03,100,75,0.92,RU,2022-12-14 21:49:03
9,Punto Fijo,11.6956,-70.1996,80.1,78,92,24.81,VE,2022-12-14 21:49:04
10,Rikitea,-23.1203,-134.9692,74.07,68,87,8.1,PF,2022-12-14 21:40:54
11,Tuktoyaktuk,69.4541,-133.0374,-5.8,77,20,9.22,CA,2022-12-14 21:42:00
12,Namibe,-15.1961,12.1522,68.23,75,79,3.36,AO,2022-12-14 21:49:05
13,Meulaboh,4.1363,96.1285,74.57,94,100,6.51,ID,2022-12-14 21:49:05
14,Busselton,-33.65,115.3333,59.74,75,0,13.04,AU,2022-12-14 21:42:18
15,Cape Town,-33.9258,18.4232,69.89,87,20,16.11,ZA,2022-12-14 21:43:05
16,Morehead,37.2711,-87.1764,54.0,97,100,11.5,US,2022-12-14 21:49:07
17,Bengkulu,-3.8004,102.2655,74.61,81,100,4.63,ID,2022-12-14 21:44:48
18,Qaanaaq,77.484,-69.3632,8.55,86,100,7.99,GL,2022-12-14 21:47:12
19,Balkhash,46.844,74.9804,1.04,78,0,14.09,KZ,2022-12-14 21:49:07
20,Saint George,37.1041,-113.5841,47.43,47,0,1.99,US,2022-12-14 21:42:40
21,Albany,42.6001,-73.9662,29.05,65,2,4.47,US,2022-12-14 21:38:25
22,Mataura,-46.1927,168.8643,63.48,65,96,3.76,NZ,2022-12-14 21:40:53
23,Hobart,-42.8794,147.3294,51.66,91,75,14.97,AU,2022-12-14 21:40:28
24,Souris,49.6172,-100.2612,26.46,96,100,12.01,CA,2022-12-14 21:49:09
25,Waipawa,-41.4122,175.5153,58.51,95,100,8.48,NZ,2022-12-14 21:49:09
26,Ushuaia,-54.8,-68.3,49.62,61,40,28.77,AR,2022-12-14 21:40:43
27,Provideniya,64.3833,-173.3,15.91,67,75,11.01,RU,2022-12-14 21:42:13
28,Victoria,22.2855,114.1577,58.24,92,99,11.01,HK,2022-12-14 21:41:44
29,Tiksi,71.6872,128.8694,-28.95,98,66,8.5,RU,2022-12-14 21:49:12
30,Grimshaw,56.1834,-117.6027,15.42,79,20,8.05,CA,2022-12-14 21:49:12
31,Clyde River,70.4692,-68.5914,23.23,74,100,12.66,CA,2022-12-14 21:48:32
32,Praia Da Vitoria,38.7333,-27.0667,57.45,67,40,24.45,PT,2022-12-14 21:49:13
33,Ponta Do Sol,32.6667,-17.1,66.7,74,32,20.58,PT,2022-12-14 21:42:04
34,Lai,9.3952,16.2989,76.33,19,1,3.96,TD,2022-12-14 21:49:14
35,Hilo,19.7297,-155.09,77.61,75,75,6.91,US,2022-12-14 21:37:17
36,Weligama,5.9667,80.4167,73.83,89,100,3.56,LK,2022-12-14 21:49:15
37,Nikolskoye,59.7035,30.7861,24.8,90,100,13.04,RU,2022-12-14 21:41:59
38,Port Alfred,-33.5906,26.891,65.17,93,48,3.0,ZA,2022-12-14 21:42:02
39,Avarua,-21.2078,-159.775,78.85,89,75,17.27,CK,2022-12-14 21:44:38
40,Georgetown,5.4112,100.3354,78.89,85,20,2.3,MY,2022-12-14 21:39:37
41,Luangwa,-15.6167,30.4167,74.32,81,100,1.54,ZM,2022-12-14 21:43:23
42,Chokurdakh,70.6333,147.9167,-19.43,97,100,7.9,RU,2022-12-14 21:42:17
43,Tasiilaq,65.6145,-37.6368,19.56,61,59,8.03,GL,2022-12-14 21:44:46
44,Mahebourg,-20.4081,57.7,73.69,94,75,3.44,MU,2022-12-14 21:50:18
45,Luganville,-15.5333,167.1667,83.19,64,33,6.82,VU,2022-12-14 21:44:38
46,Isangel,-19.55,169.2667,80.89,61,3,4.14,VU,2022-12-14 21:43:27
47,Hithadhoo,-0.6,73.0833,80.04,78,98,10.78,MV,2022-12-14 21:43:16
48,Sisimiut,66.9395,-53.6735,22.3,94,100,13.4,GL,2022-12-14 21:50:19
49,Teahupoo,-17.8333,-149.2667,76.96,79,95,19.04,PF,2022-12-14 21:50:20
50,Balozi,56.8761,24.1186,16.86,87,0,16.11,LV,2022-12-14 21:50:21
51,Carnarvon,-24.8667,113.6333,71.73,67,0,19.24,AU,2022-12-14 21:40:15
52,Dikson,73.5069,80.5464,3.11,95,100,5.75,RU,2022-12-14 21:40:56
53,San Patricio,28.017,-97.5169,75.15,25,0,16.98,US,2022-12-14 21:40:56
54,San Quintin,30.4833,-115.95,58.93,56,2,6.53,MX,2022-12-14 21:47:14
55,Killybegs,54.6333,-8.45,38.34,72,92,9.62,IE,2022-12-14 21:50:23
56,Tautira,-17.7333,-149.15,80.08,78,95,18.23,PF,2022-12-14 21:50:24
57,Igarapava,-20.0383,-47.7469,83.32,81,78,4.54,BR,2022-12-14 21:50:25
58,Turukhansk,65.8167,87.9833,-5.48,87,100,14.16,RU,2022-12-14 21:50:25
59,Vao,-22.6667,167.4833,75.04,62,0,5.17,NC,2022-12-14 21:50:26
60,Khatanga,71.9667,102.5,-1.43,96,100,12.66,RU,2022-12-14 21:40:52
61,Henties Bay,-22.116,14.2845,62.91,91,95,6.67,NA,2022-12-14 21:50:28
62,Banff,51.1762,-115.5698,25.83,74,85,3.44,CA,2022-12-14 21:50:28
63,Barrow,71.2906,-156.7887,6.82,72,100,20.71,US,2022-12-14 21:47:17
64,Castro,-24.7911,-50.0119,63.09,86,84,6.8,BR,2022-12-14 21:47:34
65,Iqaluit,63.7506,-68.5145,24.53,80,100,5.75,CA,2022-12-14 21:50:29
66,Punta Arenas,-53.15,-70.9167,53.71,40,75,20.71,CL,2022-12-14 21:40:44
67,Bethel,41.3712,-73.414,33.89,64,0,9.22,US,2022-12-14 21:50:30
68,Peleduy,59.6289,112.7406,-8.1,96,100,6.76,RU,2022-12-14 21:50:31
69,Sale,34.0389,-6.8166,62.64,100,75,19.57,MA,2022-12-14 21:48:27
70,Thompson,55.7435,-97.8558,26.76,100,100,2.3,CA,2022-12-14 21:40:44
71,Kaohsiung,22.6163,120.3133,64.35,78,75,4.61,TW,2022-12-14 21:50:31
72,Mar Del Plata,-38.0023,-57.5575,87.82,35,0,17.27,AR,2022-12-14 21:42:25
73,Kapaa,22.0752,-159.319,79.12,80,75,14.97,US,2022-12-14 21:40:41
74,Wad Madani,14.4012,33.5199,75.56,35,73,9.24,SD,2022-12-14 21:50:32
75,Mount Isa,-20.7333,139.5,76.77,19,56,11.5,AU,2022-12-14 21:43:14
76,Lavrentiya,65.5833,-171.0,20.3,92,100,13.24,RU,2022-12-14 21:50:32
77,Southbridge,42.0751,-72.0334,34.93,69,0,5.99,US,2022-12-14 21:50:33
78,Vangaindrano,-23.35,47.6,70.56,93,99,2.91,MG,2022-12-14 21:50:33
79,Komsomolskiy,40.4272,71.7189,29.12,93,100,2.3,UZ,2022-12-14 21:50:33
80,Chuy,-33.6971,-53.4616,70.27,62,0,14.16,UY,2022-12-14 21:40:54
81,Hermanus,-34.4187,19.2345,67.8,87,95,4.59,ZA,2022-12-14 21:42:00
82,Raudeberg,61.9875,5.1352,29.95,82,100,7.16,NO,2022-12-14 21:50:34
83,Alta Floresta,-9.8756,-56.0861,73.83,92,100,3.36,BR,2022-12-14 21:50:35
84,Bath,51.3779,-2.3591,29.95,94,88,7.16,GB,2022-12-14 21:50:35
85,Atar,20.5169,-13.0499,76.57,25,0,6.17,MR,2022-12-14 21:44:43
86,Esso,55.9333,158.7,13.28,99,97,4.76,RU,2022-12-14 21:50:35
87,Toropets,56.4978,31.6353,16.86,89,69,9.64,RU,2022-12-14 21:50:36
88,Grass Valley,39.2191,-121.0611,50.59,70,0,3.0,US,2022-12-14 21:50:36
89,Ayan,56.45,138.1667,-15.2,92,100,26.91,RU,2022-12-14 21:50:37
90,Kiunga,-6.1219,141.2906,73.92,96,99,0.45,PG,2022-12-14 21:51:37
91,Nuuk,64.1835,-51.7216,14.0,68,96,7.61,GL,2022-12-14 21:51:37
92,Ewo,-0.8725,14.8206,72.84,75,17,2.33,CG,2022-12-14 21:51:38
93,Gayny,60.3071,54.3241,19.26,73,58,11.05,RU,2022-12-14 21:51:38
94,Lorengau,-2.0226,147.2712,81.28,82,99,7.76,PG,2022-12-14 21:43:18
95,San Vicente,-26.6167,-54.1333,76.15,53,57,3.42,AR,2022-12-14 21:51:39
96,Fairbanks,64.8378,-147.7164,-1.86,79,20,3.44,US,2022-12-14 21:49:06
97,Husavik,66.0449,-17.3389,15.26,84,89,9.86,IS,2022-12-14 21:51:39
98,Kargasok,59.0556,80.8572,-3.87,90,98,8.63,RU,2022-12-14 21:51:40
99,Axim,4.8699,-2.2405,79.36,84,4,9.4,GH,2022-12-14 21:51:40
100,Yerbogachen,61.2767,108.0108,-6.05,96,100,6.98,RU,2022-12-14 21:51:40
101,Las Choapas,17.9333,-94.0833,83.73,74,3,5.59,MX,2022-12-14 21:51:41
102,Homer,59.6425,-151.5483,33.67,93,100,8.05,US,2022-12-14 21:51:41
103,Veraval,20.9,70.3667,76.48,51,56,11.21,IN,2022-12-14 21:49:56
104,Faya,18.3851,42.4509,53.71,70,36,1.1,SA,2022-12-14 21:48:30
105,Norman Wells,65.282,-126.8329,-0.36,78,75,3.44,CA,2022-12-14 21:47:23
106,Arraial Do Cabo,-22.9661,-42.0278,75.16,64,40,10.36,BR,2022-12-14 21:42:02
107,Hasaki,35.7333,140.8333,36.0,43,98,3.71,JP,2022-12-14 21:47:19
108,Coahuayana,18.7333,-103.6833,83.55,52,2,6.62,MX,2022-12-14 21:42:17
109,Butaritari,3.0707,172.7902,80.89,76,82,5.99,KI,2022-12-14 21:42:12
110,Tuy Hoa,13.0833,109.3,68.72,88,97,8.72,VN,2022-12-14 21:43:22
111,La Ronge,55.1001,-105.2842,14.25,79,75,11.5,CA,2022-12-14 21:43:19
112,Umba,66.6871,34.3429,19.35,95,100,4.79,RU,2022-12-14 21:51:42
113,Lompoc,34.6391,-120.4579,62.78,60,0,8.05,US,2022-12-14 21:44:37
114,Blatnica,44.4864,17.8233,40.64,96,100,1.54,BA,2022-12-14 21:51:43
115,Upernavik,72.7868,-56.1549,22.3,79,100,8.28,GL,2022-12-14 21:44:44
116,Fortuna,40.5982,-124.1573,53.92,70,0,1.01,US,2022-12-14 21:42:14
117,Marathon,44.9,-89.7668,33.55,91,100,16.11,US,2022-12-14 21:51:43
118,Cherskiy,68.75,161.3,-40.31,99,100,6.04,RU,2022-12-14 21:42:15
119,Igarka,67.4667,86.5833,-6.27,98,100,18.14,RU,2022-12-14 21:51:44
120,Palencia,42.4167,-4.5,47.91,93,100,5.26,ES,2022-12-14 21:51:44
121,Torbay,47.6666,-52.7314,37.89,97,100,8.05,CA,2022-12-14 21:48:35
122,Constitucion,-35.3333,-72.4167,65.59,66,3,20.36,CL,2022-12-14 21:51:45
123,Atuona,-9.8,-139.0333,78.3,76,45,15.7,PF,2022-12-14 21:51:45
124,Saint-Philippe,-21.3585,55.7679,74.79,84,44,9.66,RE,2022-12-14 21:43:16
125,Yellowknife,62.456,-114.3525,7.32,85,40,10.36,CA,2022-12-14 21:43:28
126,Nhulunbuy,-12.2333,136.7667,83.01,83,69,1.14,AU,2022-12-14 21:51:46
127,Tiznit,29.5833,-9.5,62.28,74,97,7.99,MA,2022-12-14 21:51:46
128,Alofi,-19.0595,-169.9187,82.29,69,75,10.36,NU,2022-12-14 21:46:03
129,Abong Mbang,3.9833,13.1833,69.46,55,8,2.98,CM,2022-12-14 21:51:47
130,Bluff,-46.6,168.3333,63.81,82,53,12.59,NZ,2022-12-14 21:51:47
131,Tura,25.5198,90.2201,58.33,86,0,1.23,IN,2022-12-14 21:51:47
132,Port Hedland,-20.3167,118.5667,77.05,100,10,0.0,AU,2022-12-14 21:51:48
133,East London,-33.0153,27.9116,70.21,90,72,7.83,ZA,2022-12-14 21:44:39
134,Tuatapere,-46.1333,167.6833,64.22,72,55,4.12,NZ,2022-12-14 21:44:46
135,Hovd,48.0056,91.6419,-2.81,81,59,6.98,MN,2022-12-14 21:51:49
136,Valparaiso,-33.0393,-71.6273,79.03,35,0,17.27,CL,2022-12-14 21:51:49
137,Zhangjiakou,40.81,114.8794,10.45,53,9,12.73,CN,2022-12-14 21:51:49
138,Bredasdorp,-34.5322,20.0403,69.62,88,55,2.59,ZA,2022-12-14 21:41:20
139,Morondava,-20.2833,44.2833,75.92,87,64,5.64,MG,2022-12-14 21:52:50
140,Blagodarnyy,45.0978,43.4364,36.45,85,100,3.33,RU,2022-12-14 21:52:50
141,Puerto Ayora,-0.7393,-90.3518,75.16,95,95,1.99,EC,2022-12-14 21:49:28
142,Gull Lake,50.1001,-108.4847,18.55,94,100,16.22,CA,2022-12-14 21:52:51
143,Umm Lajj,25.0213,37.2685,72.39,60,0,7.29,SA,2022-12-14 21:52:51
144,Konza,-1.7426,37.1294,56.05,93,61,4.38,KE,2022-12-14 21:52:51
145,Jamestown,42.097,-79.2353,33.39,48,0,4.61,US,2022-12-14 21:51:26
146,Iquitos,-3.7481,-73.2472,87.84,62,40,5.75,PE,2022-12-14 21:52:52
147,New Norfolk,-42.7826,147.0587,51.3,66,55,6.35,AU,2022-12-14 21:52:52
148,Udachnyy,66.4167,112.4,-32.46,100,91,4.94,RU,2022-12-14 21:52:52
149,Gravdal,68.1214,13.5031,31.89,100,75,14.97,NO,2022-12-14 21:52:53
150,Chichli,22.8333,78.8167,63.84,43,30,4.38,IN,2022-12-14 21:52:53
151,Wawa,9.9022,4.4192,77.88,24,27,5.26,NG,2022-12-14 21:52:53
152,Concepcion Del Oro,24.6333,-101.4167,63.63,13,0,14.27,MX,2022-12-14 21:52:54
153,Kyra,49.5776,111.9753,-11.51,85,27,6.82,RU,2022-12-14 21:52:54
154,Kahului,20.8947,-156.47,83.97,59,20,8.99,US,2022-12-14 21:43:15
155,Hambantota,6.1241,81.1185,71.94,100,75,1.14,LK,2022-12-14 21:52:55
156,Manokwari,-0.8667,134.0833,78.85,81,100,7.05,ID,2022-12-14 21:52:55
157,Leningradskiy,69.3833,178.4167,-25.94,94,59,4.23,RU,2022-12-14 21:52:55
158,Itoman,26.1247,127.6694,64.42,66,75,13.8,JP,2022-12-14 21:52:56
159,Kondopoga,62.2057,34.2614,17.28,97,100,4.09,RU,2022-12-14 21:52:56
160,Nemuro,43.3236,145.575,26.31,50,6,31.45,JP,2022-12-14 21:52:56
161,Coracora,-15.0333,-73.7833,54.23,84,98,9.28,PE,2022-12-14 21:52:57
162,Samarai,-10.6167,150.6667,82.6,75,81,4.52,PG,2022-12-14 21:52:57
163,Nouadhibou,20.931,-17.0347,75.18,53,0,14.97,MR,2022-12-14 21:52:58
164,Waitati,-45.75,170.5667,63.81,70,100,4.45,NZ,2022-12-14 21:52:58
165,Praia,14.9215,-23.5087,77.54,65,0,16.11,CV,2022-12-14 21:45:58
166,Bocas Del Toro,9.3333,-82.25,79.97,72,28,5.41,PA,2022-12-14 21:52:58
167,Roebourne,-20.7833,117.1333,81.32,34,4,9.71,AU,2022-12-14 21:52:59
168,Kungurtug,50.5994,97.5228,-16.53,99,100,0.45,RU,2022-12-14 21:52:59
169,Hamilton,39.1834,-84.5333,50.45,96,100,11.5,US,2022-12-14 21:41:54
170,Bubaque,11.2833,-15.8333,82.36,56,0,8.66,GW,2022-12-14 21:52:59
171,Abonnema,4.7084,6.7931,79.77,78,14,5.86,NG,2022-12-14 21:53:00
172,Chalons-En-Champagne,48.9539,4.3672,31.33,91,100,3.31,FR,2022-12-14 21:53:00
173,Kualakapuas,-3.0091,114.3876,73.17,97,35,1.45,ID,2022-12-14 21:53:01
174,Cidreira,-30.1811,-50.2056,70.93,66,0,15.03,BR,2022-12-14 21:53:01
175,Gwadar,25.1216,62.3254,71.55,41,0,13.22,PK,2022-12-14 21:53:01
176,Guarapuava,-25.3953,-51.4581,63.14,83,87,3.31,BR,2022-12-14 21:53:02
177,Nanortalik,60.1432,-45.2371,16.57,64,1,9.19,GL,2022-12-14 21:53:02
178,Severo-Kurilsk,50.6789,156.125,33.44,98,100,25.46,RU,2022-12-14 21:53:02
179,Saskylakh,71.9167,114.0833,-14.82,96,95,7.78,RU,2022-12-14 21:53:03
180,Longyearbyen,78.2186,15.6401,-0.56,65,40,11.5,SJ,2022-12-14 21:43:17
181,Hadrut,39.52,47.0318,45.05,65,100,1.83,AZ,2022-12-14 21:53:03
182,Tambovka,50.0969,128.0489,-24.25,90,5,6.91,RU,2022-12-14 21:53:03
183,Saint Anthony,45.0205,-93.218,37.0,92,100,16.11,US,2022-12-14 21:45:36
184,Gonaives,19.45,-72.6833,76.53,65,0,3.49,HT,2022-12-14 21:53:04
185,Bundaberg,-24.85,152.35,74.21,48,79,5.01,AU,2022-12-14 21:53:04
186,Starobachaty,54.2425,86.2072,-10.07,99,61,0.63,RU,2022-12-14 21:53:05
187,Solenzo,12.1833,-4.0833,76.55,13,17,5.19,BF,2022-12-14 21:53:05
188,Makaleng,-20.9,27.2833,76.77,50,44,4.23,BW,2022-12-14 21:54:05
189,Hofn,64.2539,-15.2082,25.3,56,100,13.11,IS,2022-12-14 21:46:00
190,Sao Geraldo Do Araguaia,-6.4006,-48.555,79.36,76,100,0.29,BR,2022-12-14 21:54:06
191,Santa Rosalia,27.3167,-112.2833,60.66,42,3,12.01,MX,2022-12-14 21:54:07
192,Carballo,43.213,-8.691,55.87,92,100,6.2,ES,2022-12-14 21:54:08
193,Palmer,42.1584,-72.3287,34.0,61,20,16.11,US,2022-12-14 21:54:09
194,Grand Gaube,-20.0064,57.6608,73.8,88,27,7.0,MU,2022-12-14 21:54:11
195,Gazojak,41.1875,61.4036,37.85,71,7,0.74,TM,2022-12-14 21:54:12
196,Kavieng,-2.5744,150.7967,82.71,76,98,7.0,PG,2022-12-14 21:44:45
197,Opelousas,30.5335,-92.0815,56.88,76,100,14.97,US,2022-12-14 21:54:12
198,Berlevag,70.8578,29.0864,14.0,79,0,10.36,NO,2022-12-14 21:54:13
199,Ladario,-19.0047,-57.6017,98.89,41,75,9.22,BR,2022-12-14 21:54:13
200,Joshimath,30.5667,79.5667,45.7,12,0,9.84,IN,2022-12-14 21:54:14
201,Lata,40.1629,-8.3327,54.07,96,76,9.35,PT,2022-12-14 21:54:14
202,Yar-Sale,66.8333,70.8333,-0.72,94,33,11.95,RU,2022-12-14 21:54:15
203,Vaini,-21.2,-175.2,82.56,89,20,9.22,TO,2022-12-14 21:44:47
204,Cravo Norte,6.3017,-70.2041,82.96,65,80,6.51,CO,2022-12-14 21:54:15
205,Porto Novo,6.4965,2.6036,82.22,81,76,7.43,BJ,2022-12-14 21:48:33
206,Vestmannaeyjar,63.4427,-20.2734,30.27,91,100,10.8,IS,2022-12-14 21:54:16
207,Vila Velha,-20.3297,-40.2925,75.15,72,100,13.8,BR,2022-12-14 21:54:17
208,Port Elizabeth,-33.918,25.5701,68.09,92,0,6.91,ZA,2022-12-14 21:54:17
209,Ketchikan,55.3422,-131.6461,39.18,93,100,3.44,US,2022-12-14 21:54:18
210,Vardo,70.3705,31.1107,15.78,86,75,17.27,NO,2022-12-14 21:54:18
211,Nishihara,26.1842,127.7558,63.68,66,100,13.8,JP,2022-12-14 21:54:18
212,Sayhat,26.4852,50.0405,66.4,67,2,8.08,SA,2022-12-14 21:54:19
213,Palu,-0.8917,119.8707,75.09,96,100,1.7,ID,2022-12-14 21:50:57
214,Tyubuk,56.0552,60.9405,6.19,95,79,9.22,RU,2022-12-14 21:54:20
215,Hervey Bay,-25.2986,152.8535,72.0,48,81,10.31,AU,2022-12-14 21:54:20
216,Bireun,5.203,96.7009,74.32,93,100,5.5,ID,2022-12-14 21:54:20
217,Ayacucho,-13.1583,-74.2239,78.66,25,20,9.22,PE,2022-12-14 21:54:21
218,Orange Walk,17.8333,-88.8333,82.22,71,13,7.02,BZ,2022-12-14 21:54:21
219,Saint-Leu,-21.15,55.2833,76.03,80,18,4.21,RE,2022-12-14 21:54:22
220,Simao,22.7886,100.9748,54.1,93,100,1.57,CN,2022-12-14 21:54:22
221,Lanxi,29.2195,119.477,37.53,66,1,3.22,CN,2022-12-14 21:54:23
222,Aklavik,68.2191,-135.0107,7.12,92,100,13.49,CA,2022-12-14 21:54:24
223,Luderitz,-26.6481,15.1594,65.14,95,5,5.79,NA,2022-12-14 21:48:37
224,Lodwar,3.1191,35.5973,81.7,48,1,8.99,KE,2022-12-14 21:54:24
225,Huilong,31.8111,121.655,39.78,52,0,4.81,CN,2022-12-14 21:54:25
226,Vostok,46.4856,135.8833,-10.95,93,100,10.78,RU,2022-12-14 21:54:25
227,Avera,33.194,-82.5271,49.51,85,100,5.73,US,2022-12-14 21:54:26
228,Tomari,47.7658,142.0683,15.22,77,100,22.84,RU,2022-12-14 21:54:26
229,Londoko,49.0333,131.9833,-12.89,79,87,11.61,RU,2022-12-14 21:54:27
230,Ilulissat,69.2167,-51.1,15.6,89,100,7.58,GL,2022-12-14 21:54:27
231,Cochrane,51.1834,-114.4687,28.76,59,0,5.75,CA,2022-12-14 21:54:27
232,Galveston,29.3669,-94.9669,70.0,37,56,7.0,US,2022-12-14 21:52:25
233,Kaitangata,-46.2817,169.8464,59.27,81,100,4.07,NZ,2022-12-14 21:45:59
234,Burnie,-41.0667,145.9167,56.95,48,4,1.9,AU,2022-12-14 21:55:28
235,Chany,55.3121,76.7647,-17.07,99,19,3.96,RU,2022-12-14 21:55:29
236,Tual,-5.6667,132.75,83.37,70,52,3.15,ID,2022-12-14 21:55:29
237,Vicksburg,32.3526,-90.8779,57.43,94,100,12.66,US,2022-12-14 21:52:30
238,Lebu,-37.6167,-73.65,64.04,76,3,7.83,CL,2022-12-14 21:55:29
239,Teseney,15.11,36.6575,73.62,55,85,8.99,ER,2022-12-14 21:55:30
240,Toledo,39.8333,-4.0,50.36,89,100,9.08,ES,2022-12-14 21:55:30
241,Marawi,7.9986,124.2928,68.02,95,97,1.1,PH,2022-12-14 21:55:30
242,Zenzeli,45.9241,47.0474,34.84,81,100,6.31,RU,2022-12-14 21:55:31
243,Burgos,42.3394,-3.7079,48.61,93,75,3.44,ES,2022-12-14 21:55:31
244,Bud,39.447,-86.1758,50.02,98,100,14.0,US,2022-12-14 21:55:31
245,Jati,24.3539,68.2671,67.17,27,13,9.17,PK,2022-12-14 21:55:32
246,Biu,10.6129,12.1946,69.98,21,5,6.58,NG,2022-12-14 21:55:32
247,San Policarpo,12.1791,125.5072,80.6,84,100,10.27,PH,2022-12-14 21:55:33
248,College,64.8569,-147.8028,-1.88,87,87,3.15,US,2022-12-14 21:55:33
249,Montevideo,-34.8335,-56.1674,84.22,49,0,11.5,UY,2022-12-14 21:53:08
250,Necochea,-38.5473,-58.7368,71.78,55,100,5.7,AR,2022-12-14 21:55:34
251,Sangod,24.9167,76.2833,63.23,37,79,2.42,IN,2022-12-14 21:55:34
252,Kommunisticheskiy,61.6789,64.4819,11.17,81,12,9.04,RU,2022-12-14 21:55:34
253,Salamanca,40.8333,-6.0,48.79,92,100,11.16,ES,2022-12-14 21:55:35
254,Dingle,10.9995,122.6711,74.77,95,95,7.61,PH,2022-12-14 21:55:35
255,Rorvik,64.8621,11.2373,15.91,92,20,1.14,NO,2022-12-14 21:55:35
256,Kelvington,52.1667,-103.5343,10.99,96,100,9.51,CA,2022-12-14 21:55:36
257,Kerman,30.2832,57.0788,35.46,75,0,4.61,IR,2022-12-14 21:55:36
258,Shingu,33.7333,135.9833,37.08,68,6,6.26,JP,2022-12-14 21:55:36
259,Gornyy,55.1153,83.9059,-20.96,100,27,1.28,RU,2022-12-14 21:55:37
260,Severnyy,50.677,36.5532,19.44,93,40,6.71,RU,2022-12-14 21:55:37
261,Shetpe,44.1667,52.1167,33.62,75,19,5.3,KZ,2022-12-14 21:55:37
262,Bukama,-9.2,25.85,68.0,97,100,2.57,CD,2022-12-14 21:55:38
263,Vilhena,-12.7406,-60.1458,73.62,94,75,10.36,BR,2022-12-14 21:55:38
264,Khani,41.9563,42.9566,40.57,72,88,5.82,GE,2022-12-14 21:55:39
265,Turinsk,58.0458,63.696,4.44,94,6,8.95,RU,2022-12-14 21:55:39
266,Benguela,-12.5763,13.4055,76.1,77,94,2.75,AO,2022-12-14 21:55:39
267,Teeli,51.0333,90.2333,-18.02,79,12,2.82,RU,2022-12-14 21:55:40
268,Zima,53.9202,102.0442,5.32,83,100,14.92,RU,2022-12-14 21:55:40
269,Galesong,-5.3166,119.3661,75.22,84,97,5.93,ID,2022-12-14 21:55:40
270,Oktyabrskoye,43.0645,44.7417,33.94,100,97,2.24,RU,2022-12-14 21:55:41
271,Wanaka,-44.7,169.15,62.62,69,82,1.45,NZ,2022-12-14 21:55:41
272,Chegdomyn,51.1167,133.0167,-11.34,97,100,1.43,RU,2022-12-14 21:55:42
273,Beloha,-25.1667,45.05,73.54,79,13,5.44,MG,2022-12-14 21:55:42
274,Souillac,-20.5167,57.5167,73.78,94,75,3.44,MU,2022-12-14 21:55:43
275,Milazzo,38.2212,15.2383,67.17,76,39,1.01,IT,2022-12-14 21:55:43
276,Taltal,-25.4,-70.4833,71.13,70,24,5.91,CL,2022-12-14 21:56:43
277,Ahualulco,22.4,-101.1667,73.54,12,3,15.12,MX,2022-12-14 21:56:44
278,Beringovskiy,63.05,179.3167,-8.91,94,18,6.71,RU,2022-12-14 21:56:44
279,Kathmandu,27.7167,85.3167,52.02,87,75,2.3,NP,2022-12-14 21:52:27
280,Sakakah,29.9697,40.2064,56.77,57,50,5.82,SA,2022-12-14 21:56:44
281,Pensacola,30.4213,-87.2169,76.28,89,100,8.99,US,2022-12-14 21:56:45
282,Mawlaik,23.6333,94.4167,59.68,95,7,1.63,MM,2022-12-14 21:56:45
283,Deori Khas,23.4,79.0167,61.74,38,8,4.07,IN,2022-12-14 21:56:46
284,Wanning,18.8003,110.3967,63.36,80,100,10.02,CN,2022-12-14 21:56:46
285,Fort Nelson,58.8053,-122.7002,8.19,85,40,0.0,CA,2022-12-14 21:56:46
286,Cefalu,38.0386,14.0229,67.75,65,36,7.0,IT,2022-12-14 21:56:47
287,Bitkine,11.9801,18.2138,75.96,13,2,6.44,TD,2022-12-14 21:56:47
288,Willowmore,-33.2926,23.4895,67.93,69,2,7.45,ZA,2022-12-14 21:56:48
289,Utrecht,52.0,5.25,32.02,87,16,1.99,NL,2022-12-14 21:56:03
290,Sao Filipe,14.8961,-24.4956,80.55,47,18,10.22,CV,2022-12-14 21:56:48
291,Oulainen,64.2667,24.8,14.11,96,100,5.37,FI,2022-12-14 21:56:48
292,Ahipara,-35.1667,173.1667,71.37,75,26,7.49,NZ,2022-12-14 21:48:33
293,Katsuura,35.1333,140.3,45.23,51,38,10.4,JP,2022-12-14 21:56:49
294,La Rioja,42.25,-2.5,44.38,94,100,2.57,ES,2022-12-14 21:56:49
295,Tessalit,20.1986,1.0114,72.32,16,0,8.37,ML,2022-12-14 21:48:41
296,Brufut,13.3814,-16.7518,79.07,60,0,9.19,GM,2022-12-14 21:56:50
297,Luan,46.3592,6.9759,38.62,91,100,1.01,CH,2022-12-14 21:56:50
298,Verkhoyansk,67.5447,133.385,-51.7,99,61,1.7,RU,2022-12-14 21:56:51
299,Alyangula,-13.8483,136.4192,84.83,70,88,6.04,AU,2022-12-14 21:47:18
300,Talaya,61.3833,152.75,-25.87,98,100,6.71,RU,2022-12-14 21:56:51
301,Bonavista,48.6499,-53.1147,37.11,97,100,27.22,CA,2022-12-14 21:56:51
302,Sembe,1.6481,14.5806,71.62,81,23,2.13,CG,2022-12-14 21:56:52
303,Pevek,69.7008,170.3133,-27.72,99,100,6.71,RU,2022-12-14 21:56:52
304,Seoul,37.5683,126.9778,22.44,71,40,8.05,KR,2022-12-14 21:52:12
305,Port Lincoln,-34.7333,135.8667,58.08,62,100,13.56,AU,2022-12-14 21:56:53
306,Jalu,29.0331,21.5482,66.11,43,1,4.07,LY,2022-12-14 21:56:53
307,Pergamino,-33.89,-60.5736,94.17,11,0,9.71,AR,2022-12-14 21:56:53
308,Iralaya,15.0,-83.2333,78.53,80,84,8.52,HN,2022-12-14 21:56:54
309,Puerto Baquerizo Moreno,-0.9,-89.6,70.92,83,86,8.93,EC,2022-12-14 21:56:54
310,Lagoa,39.05,-27.9833,57.88,57,84,25.52,PT,2022-12-14 21:56:54
311,Esperance,-33.8667,121.9,61.25,62,48,15.19,AU,2022-12-14 21:56:55
312,Havre,49.5833,0.3333,31.77,80,100,4.61,FR,2022-12-14 21:56:55
313,Springbok,-29.6643,17.8865,64.09,75,0,2.15,ZA,2022-12-14 21:56:56
314,Huarmey,-10.0681,-78.1522,72.09,78,90,6.17,PE,2022-12-14 21:56:56
315,Suba,10.8438,121.0102,82.18,80,62,18.97,PH,2022-12-14 21:56:56
316,Unity,52.4501,-109.1682,19.26,94,100,11.16,CA,2022-12-14 21:56:57
317,Davila,18.4726,120.5763,73.38,78,24,9.6,PH,2022-12-14 21:56:57
318,Atamanovka,51.93,113.63,-23.37,98,69,2.24,RU,2022-12-14 21:56:57
319,Pacifica,37.6138,-122.4869,56.84,65,0,6.91,US,2022-12-14 21:55:08
320,Hagerstown,39.6418,-77.72,36.84,65,100,2.68,US,2022-12-14 21:54:02
321,Jaru,-10.4389,-62.4664,83.82,65,84,3.36,BR,2022-12-14 21:57:58
322,Trairi,-3.2778,-39.2689,79.65,77,86,10.8,BR,2022-12-14 21:57:40
323,Brae,60.3964,-1.353,40.86,65,81,20.31,GB,2022-12-14 21:57:59
324,Qaqortoq,60.7167,-46.0333,11.16,63,0,9.55,GL,2022-12-14 21:57:59
325,Cabo San Lucas,22.8909,-109.9124,74.61,57,59,3.76,MX,2022-12-14 21:57:59
326,Zaozerne,45.1582,33.2787,37.04,76,39,9.57,UA,2022-12-14 21:58:00
327,Chapais,49.7834,-74.8492,22.78,96,7,4.85,CA,2022-12-14 21:58:00
328,Geraldton,-28.7667,114.6,66.61,88,75,8.05,AU,2022-12-14 21:58:00
329,Arawa,-6.2132,155.5367,82.9,76,99,1.03,PG,2022-12-14 21:58:01
330,Salmon Creek,45.7107,-122.649,47.41,80,62,3.0,US,2022-12-14 21:58:01
331,Kailua,21.4022,-157.7394,81.9,74,70,5.01,US,2022-12-14 21:58:01
332,Paamiut,61.994,-49.6678,19.35,68,14,12.71,GL,2022-12-14 21:58:02
333,Havelock,34.8791,-76.9013,48.0,73,100,3.0,US,2022-12-14 21:58:03
334,Caravelas,-17.7125,-39.2481,74.14,73,100,12.86,BR,2022-12-14 21:58:04
335,Lewistown,40.5992,-77.5714,34.16,84,0,0.0,US,2022-12-14 21:55:07
336,Diapaga,12.0708,1.7889,73.71,12,3,7.11,BF,2022-12-14 21:58:05
337,Buala,-8.145,159.5921,81.25,77,100,0.85,SB,2022-12-14 21:58:06
338,Olafsvik,64.8945,-23.7142,27.95,49,99,12.73,IS,2022-12-14 21:58:07
339,Anadyr,64.75,177.4833,-7.01,76,75,13.42,RU,2022-12-14 21:56:21
340,Eureka,40.8021,-124.1637,54.19,81,36,1.99,US,2022-12-14 21:58:08
341,Aksarka,66.5606,67.7975,-2.16,94,43,10.29,RU,2022-12-14 21:58:09
342,Porto Velho,-8.7619,-63.9039,84.25,65,20,5.75,BR,2022-12-14 21:58:11
343,Cayenne,4.9333,-52.3333,78.84,83,75,8.05,GF,2022-12-14 21:56:05
344,Bayir,37.2687,28.2167,48.72,95,41,4.74,TR,2022-12-14 21:58:12
345,Dhandhuka,22.3667,71.9833,72.73,44,13,9.46,IN,2022-12-14 21:58:13
346,Leshukonskoye,64.8989,45.7622,21.61,88,100,13.53,RU,2022-12-14 21:58:13
347,Labuan,5.2767,115.2417,79.16,88,20,0.0,MY,2022-12-14 21:58:14
348,Huangpi,30.8845,114.3779,37.51,65,0,6.71,CN,2022-12-14 21:58:14
349,Arica,-18.475,-70.3042,76.55,83,0,10.36,CL,2022-12-14 21:57:15
350,Gashua,12.871,11.0482,71.38,13,22,8.93,NG,2022-12-14 21:58:15
351,Port-Cartier,50.0334,-66.8654,37.74,74,100,16.31,CA,2022-12-14 21:58:15
352,Buraydah,26.326,43.975,66.65,57,26,3.53,SA,2022-12-14 21:56:11
353,Auki,-8.7676,160.7034,82.65,71,82,0.72,SB,2022-12-14 21:58:16
354,Ribeira Grande,38.5167,-28.7,57.6,54,40,11.5,PT,2022-12-14 21:58:17
355,Rupert,42.6191,-113.6772,30.15,74,100,4.61,US,2022-12-14 21:58:17
356,Christchurch,-43.5333,172.6333,64.42,83,100,8.05,NZ,2022-12-14 21:58:18
357,Makinsk,52.6292,70.4169,-5.91,88,5,8.63,KZ,2022-12-14 21:58:18
358,Maarianhamina,60.0973,19.9348,15.66,92,75,1.14,AX,2022-12-14 21:58:19
359,Honiara,-9.4333,159.95,83.3,74,94,0.49,SB,2022-12-14 21:58:19
360,Srandakan,-7.9386,110.2506,75.63,90,97,3.56,ID,2022-12-14 21:58:20
361,Doha,25.2867,51.5333,71.58,80,0,4.61,QA,2022-12-14 21:54:07
362,Pinotepa Nacional,16.3167,-98.0167,83.28,51,38,8.86,MX,2022-12-14 21:58:21
363,Anjar,23.1333,70.0167,70.41,57,90,9.86,IN,2022-12-14 21:58:22
364,Port Hardy,50.6996,-127.4199,39.38,87,100,6.91,CA,2022-12-14 21:58:22
365,Bowen,-20.0167,148.2333,82.92,77,1,2.57,AU,2022-12-14 21:58:23
366,Rapid City,44.0805,-103.231,23.29,70,100,29.93,US,2022-12-14 21:55:09
367,Oktyabrskiy,54.4815,53.471,15.08,76,2,12.21,RU,2022-12-14 21:59:24
368,Kruisfontein,-34.0033,24.7314,65.88,87,0,3.2,ZA,2022-12-14 21:59:24
369,Kutum,14.2,24.6667,61.16,22,4,8.05,SD,2022-12-14 21:59:25
370,Mayumba,-3.432,10.6554,75.72,89,78,4.34,GA,2022-12-14 21:59:25
371,Krasnoselkup,65.7,82.4667,1.81,94,100,15.5,RU,2022-12-14 21:59:26
372,San Cristobal,7.7669,-72.225,69.98,76,67,4.34,VE,2022-12-14 21:59:26
373,Winnemucca,40.973,-117.7357,33.01,73,16,3.0,US,2022-12-14 21:59:26
374,Kavaratti,10.5669,72.642,80.76,77,19,11.18,IN,2022-12-14 21:59:27
375,Ryotsu,38.0833,138.4333,36.99,91,100,12.33,JP,2022-12-14 21:59:27
376,Svetlyy,54.675,20.1347,14.05,89,12,9.37,RU,2022-12-14 21:59:28
377,Willmar,45.1219,-95.0433,35.55,100,100,16.11,US,2022-12-14 21:59:28
378,Saint-Augustin,51.226,-58.6502,36.32,79,100,25.77,CA,2022-12-14 21:59:28
379,Price,39.5994,-110.8107,35.11,56,18,10.02,US,2022-12-14 21:59:29
380,Bridlington,54.0831,-0.1919,29.89,78,25,17.4,GB,2022-12-14 21:59:29
381,Pingliang,35.5392,106.6861,28.4,36,34,3.49,CN,2022-12-14 21:59:29
382,Batagay-Alyta,67.8006,130.4114,-33.61,89,63,3.24,RU,2022-12-14 21:59:30
383,Haines Junction,60.7522,-137.5108,30.15,74,100,4.61,CA,2022-12-14 21:59:30
384,Inta,66.0317,60.1659,10.47,83,60,6.02,RU,2022-12-14 21:59:30
385,Litovko,49.2361,135.1742,-4.45,82,98,9.53,RU,2022-12-14 21:59:31
386,Laguna,38.421,-121.4238,56.32,62,0,1.01,US,2022-12-14 21:59:31
387,Vila Franca Do Campo,37.7167,-25.4333,57.61,65,91,21.12,PT,2022-12-14 21:59:31
388,Bambous Virieux,-20.3428,57.7575,73.65,94,75,3.44,MU,2022-12-14 21:59:32
389,Praxedis Guerrero,31.3667,-106.0167,48.47,27,0,20.0,MX,2022-12-14 21:59:32
390,Ayaviri,-14.8864,-70.5889,50.16,69,91,9.91,PE,2022-12-14 21:59:33
391,Nijar,36.9665,-2.206,57.65,94,75,9.22,ES,2022-12-14 21:59:33
392,Soyo,-6.1349,12.3689,77.29,84,97,3.02,AO,2022-12-14 21:59:34
393,Bandarbeyla,9.4942,50.8122,75.18,63,83,17.69,SO,2022-12-14 21:59:34
394,Noumea,-22.2763,166.4572,82.38,99,0,2.3,NC,2022-12-14 21:59:34
395,Terney,45.0503,136.6092,2.66,71,24,12.15,RU,2022-12-14 21:59:35
396,Salalah,17.0151,54.0924,73.9,68,9,1.66,OM,2022-12-14 21:59:35
397,Chirongui,-12.9319,45.1483,80.53,77,24,8.39,YT,2022-12-14 21:59:35
398,Narsaq,60.9167,-46.05,8.91,61,0,8.7,GL,2022-12-14 21:59:36
399,Barra Do Bugres,-15.0725,-57.1811,73.36,97,100,4.72,BR,2022-12-14 21:59:36
400,Petukhovo,55.0692,67.9019,-0.54,88,11,8.03,RU,2022-12-14 21:59:37
401,Okhotsk,59.3833,143.3,4.24,69,100,19.95,RU,2022-12-14 21:59:37
402,Pisco,-13.7,-76.2167,77.05,61,0,17.27,PE,2022-12-14 21:59:37
403,Laukaa,58.7372,29.8453,22.37,88,99,12.88,RU,2022-12-14 21:59:38
404,Visnes,59.3556,5.2242,32.22,68,20,11.5,NO,2022-12-14 21:59:38
405,Murgab,37.4966,61.9714,40.87,75,0,4.61,TM,2022-12-14 21:59:38
406,Talnakh,69.4865,88.3972,-5.8,99,100,12.68,RU,2022-12-14 21:57:02
407,Chacabuco,-34.6417,-60.4739,95.99,10,3,9.64,AR,2022-12-14 21:59:39
408,Seara,41.1818,-7.8003,52.95,94,100,3.78,PT,2022-12-14 21:59:39
409,Normandin,48.8333,-72.5321,33.93,69,49,5.75,CA,2022-12-14 21:59:39
410,Pizarro,4.9533,-77.366,78.66,84,90,8.08,CO,2022-12-14 21:59:40
411,Royan,45.6285,-1.0281,47.82,87,96,8.43,FR,2022-12-14 21:59:40
412,Sorong,-0.8833,131.25,78.49,83,100,3.36,ID,2022-12-14 21:59:41
413,Ancud,-41.8697,-73.8203,58.66,68,9,11.16,CL,2022-12-14 21:59:41
414,Jumla,29.2747,82.1838,37.38,17,0,4.99,NP,2022-12-14 22:00:41
415,Belmonte,-15.8631,-38.8828,72.16,94,100,12.12,BR,2022-12-14 22:00:42
416,Alwar,27.5667,76.6,55.47,33,27,4.7,IN,2022-12-14 22:00:43
417,Babstovo,48.1167,132.4833,-10.97,77,7,14.76,RU,2022-12-14 22:00:43
418,Cabra,37.4725,-4.4421,53.91,85,35,15.32,ES,2022-12-14 22:00:43
419,Codrington,-38.2667,141.9667,54.59,68,100,14.83,AU,2022-12-14 22:00:44
420,Gambela,8.25,34.5833,78.94,59,59,2.8,ET,2022-12-14 22:00:44
421,Beyneu,45.3167,55.2,31.5,88,5,9.1,KZ,2022-12-14 22:00:45
422,Naze,28.3667,129.4833,56.14,66,99,9.24,JP,2022-12-14 22:00:45
423,Lensk,60.7253,114.9278,-9.45,94,100,6.24,RU,2022-12-14 22:00:45
424,Dzilam Gonzalez,21.2833,-88.9333,91.65,39,9,6.8,MX,2022-12-14 22:00:46
425,Morros,-9.4467,-46.3003,77.05,65,94,5.23,BR,2022-12-14 22:00:46
426,Morant Bay,17.8815,-76.4093,81.72,78,61,10.29,JM,2022-12-14 22:00:47
427,Andenes,69.3143,16.1194,34.93,80,75,26.46,NO,2022-12-14 22:00:47
428,Lenger,42.183,69.8839,35.04,70,99,8.16,KZ,2022-12-14 22:00:48
429,Tupik,54.4253,119.9327,-36.76,96,42,2.86,RU,2022-12-14 22:00:49
430,Smithers,54.7804,-127.1743,16.12,92,75,2.3,CA,2022-12-14 22:00:38
431,Srednekolymsk,67.45,153.6833,-47.36,100,57,3.65,RU,2022-12-14 22:00:49
432,Sri Aman,1.2376,111.4621,75.25,94,100,0.0,MY,2022-12-14 21:59:13
433,Mizan Teferi,6.9833,35.5833,61.77,85,88,2.39,ET,2022-12-14 22:00:50
434,Rocha,-34.4833,-54.3333,77.34,39,0,11.65,UY,2022-12-14 22:00:50
435,Linares,-35.85,-71.6,85.01,20,0,17.6,CL,2022-12-14 22:00:51
436,Marystown,47.1666,-55.1483,37.56,97,99,7.02,CA,2022-12-14 22:00:51
437,Santarem,-2.4431,-54.7083,84.94,42,92,0.83,BR,2022-12-14 22:00:52
438,Rabo De Peixe,37.8,-25.5833,56.71,96,40,14.97,PT,2022-12-14 22:00:52
439,Saldanha,-33.0117,17.9442,65.34,95,6,13.18,ZA,2022-12-14 22:00:53
440,Kupang,-10.1667,123.5833,75.78,94,20,2.3,ID,2022-12-14 22:00:53
441,Nioro,13.35,-15.75,77.9,13,0,7.29,GM,2022-12-14 22:00:54
442,Forestville,38.8451,-76.875,40.37,52,0,4.61,US,2022-12-14 22:00:54
443,Santo Antonio Do Sudoeste,-26.0736,-53.7253,72.48,74,9,2.59,BR,2022-12-14 22:00:55
444,Olinda,-8.0089,-34.8553,79.95,73,55,11.48,BR,2022-12-14 22:00:55
445,Wattegama,6.7989,81.4808,72.54,89,100,2.19,LK,2022-12-14 22:00:55
446,Kholm,59.2667,32.85,22.59,94,100,12.77,RU,2022-12-14 22:00:56
447,Ampanihy,-24.7,44.75,74.98,73,24,4.63,MG,2022-12-14 22:00:56
448,Jojoima,7.8792,-10.7878,71.98,58,53,1.03,SL,2022-12-14 22:00:57
449,Verkhnyaya Khava,51.8404,39.9413,23.07,94,100,6.26,RU,2022-12-14 22:00:57
450,Vanimo,-2.6741,141.3028,79.02,88,100,4.43,PG,2022-12-14 22:00:03
451,Sitka,57.0531,-135.33,40.57,97,100,9.82,US,2022-12-14 22:00:58
452,Ulmu,44.95,27.3167,39.7,76,100,9.95,RO,2022-12-14 22:00:58
453,Olga,43.7444,135.2892,4.96,60,5,13.67,RU,2022-12-14 22:00:59
454,Tosya,41.0155,34.0401,42.15,93,100,1.68,TR,2022-12-14 22:00:59
455,Asau,46.4333,26.4,33.28,65,100,3.89,RO,2022-12-14 22:00:59
456,Kaeo,-35.1,173.7833,74.32,90,86,5.14,NZ,2022-12-14 22:01:00
457,Tongliao,43.6125,122.2653,-0.72,46,1,14.5,CN,2022-12-14 22:01:01
458,Belousovka,50.1339,82.5239,-27.76,100,97,2.33,KZ,2022-12-14 22:01:01
459,Almenara,-16.1836,-40.6944,68.36,98,100,3.8,BR,2022-12-14 22:01:02
460,Mareeba,-17.0,145.4333,80.47,92,16,1.61,AU,2022-12-14 22:01:03
461,Rio Gallegos,-51.6226,-69.2181,56.89,36,96,34.05,AR,2022-12-14 22:01:56
462,Kartuzy,54.3342,18.1974,16.77,92,5,4.61,PL,2022-12-14 22:02:04
463,Belyy Yar,53.6039,91.3903,-11.15,100,100,4.47,RU,2022-12-14 22:02:04
464,Carolina,18.3808,-65.9574,78.96,72,20,8.05,PR,2022-12-14 21:57:44
465,Broken Hill,-31.95,141.4333,55.42,46,0,15.68,AU,2022-12-14 22:02:05
466,Xuddur,4.1213,43.8894,72.82,50,50,11.3,SO,2022-12-14 22:02:05
467,Eregli,37.5133,34.0467,47.16,82,97,2.98,TR,2022-12-14 22:02:06
468,Hobyo,5.3505,48.5268,77.18,71,12,15.7,SO,2022-12-14 22:02:06
469,Maturin,9.75,-63.1767,75.04,100,18,9.22,VE,2022-12-14 22:02:07
470,Marsh Harbour,26.5412,-77.0636,74.32,66,63,14.38,BS,2022-12-14 22:02:07
471,Camopi,3.1655,-52.3158,72.68,98,99,4.07,GF,2022-12-14 22:02:07
472,Niquero,20.0431,-77.5828,78.96,62,1,5.55,CU,2022-12-14 22:02:08
473,Portland,45.5234,-122.6762,47.68,78,70,4.0,US,2022-12-14 22:00:31
474,Mongo,12.1844,18.693,76.57,14,1,5.75,TD,2022-12-14 22:02:08
475,Iaciara,-14.0958,-46.6317,69.15,98,100,4.45,BR,2022-12-14 22:02:09
476,Mesa,33.4223,-111.8226,56.98,45,0,4.0,US,2022-12-14 21:57:31
477,Shizunai,42.3339,142.3669,27.34,67,100,27.47,JP,2022-12-14 22:01:42
478,Yarmouth,41.7057,-70.2286,38.97,73,0,28.01,US,2022-12-14 22:02:09
479,Black River,18.0264,-77.8487,80.53,70,53,11.34,JM,2022-12-14 22:02:10
480,Ranong,9.9658,98.6348,73.17,88,60,6.2,TH,2022-12-14 22:02:10
481,Ferrandina,40.5012,16.4547,61.05,85,92,3.27,IT,2022-12-14 22:02:10
482,Aleksandrov Gay,50.147,48.5704,26.38,97,100,5.79,RU,2022-12-14 22:02:11
483,Manzhouli,49.6,117.4333,-20.47,89,3,9.04,CN,2022-12-14 22:02:11
484,Suining,30.508,105.5733,48.4,75,100,4.21,CN,2022-12-14 22:02:12
485,Pemba,-12.974,40.5178,79.88,78,100,11.7,MZ,2022-12-14 22:02:12
486,Darhan,49.4867,105.9228,-11.43,90,42,6.04,MN,2022-12-14 22:02:13
487,Dali,25.7,100.1833,42.06,89,2,4.5,CN,2022-12-14 22:01:00
488,Turayf,31.6725,38.6637,52.93,63,30,1.14,SA,2022-12-14 22:02:13
489,Skelleftea,64.7507,20.9528,-9.0,95,0,5.75,SE,2022-12-14 22:02:14
490,Mehamn,71.0357,27.8492,13.95,85,0,9.22,NO,2022-12-14 22:02:14
491,Lubao,14.9167,120.55,76.35,87,100,6.93,PH,2022-12-14 22:02:14
492,Moron,-34.6534,-58.6198,92.01,38,0,8.52,AR,2022-12-14 22:02:15
493,Baranain,42.8057,-1.6773,55.49,62,40,11.5,ES,2022-12-14 22:02:15
494,Pokhara,28.2333,83.9833,53.71,33,2,4.74,NP,2022-12-14 22:02:15
495,Denpasar,-8.65,115.2167,76.71,94,20,4.61,ID,2022-12-14 22:02:16
496,Bemidji,47.4736,-94.8803,33.19,98,0,11.5,US,2022-12-14 21:59:54
497,Necaxa,20.2167,-98.0,73.06,54,15,6.15,MX,2022-12-14 22:02:16
498,Iranshahr,27.2025,60.6848,56.97,32,0,1.3,IR,2022-12-14 22:02:17
499,Buluang,13.3068,123.3425,75.4,94,100,3.13,PH,2022-12-14 22:02:17
500,Puerto Quijarro,-17.7833,-57.7667,87.55,53,94,2.13,BO,2022-12-14 22:02:18
501,Lazo,43.3817,133.9014,-2.13,83,47,6.73,RU,2022-12-14 22:02:18
502,Bairnsdale,-37.8333,147.6167,53.06,96,47,1.01,AU,2022-12-14 22:02:18
503,Coihaique,-45.5752,-72.0662,55.72,64,82,9.13,CL,2022-12-14 22:02:19
504,Grindavik,63.8424,-22.4338,21.67,68,0,6.91,IS,2022-12-14 22:02:19
505,Itaituba,-4.2761,-55.9836,84.33,58,99,2.28,BR,2022-12-14 22:02:19
506,Foca,38.6703,26.7566,56.73,73,86,9.35,TR,2022-12-14 22:02:20
507,Fereydun Kenar,36.6864,52.5225,56.43,68,2,2.28,IR,2022-12-14 22:02:20
508,Verkhnevilyuysk,63.4453,120.3167,-45.62,100,100,2.35,RU,2022-12-14 22:02:21
509,Jinxiang,27.4327,120.6062,47.17,79,100,6.17,CN,2022-12-14 22:02:21
510,Parabel,58.6978,81.4825,-5.57,92,99,7.49,RU,2022-12-14 22:03:22
511,Sheridan,44.8333,-106.9173,28.02,77,100,25.32,US,2022-12-14 21:59:01
512,Trinidad,-14.8333,-64.9,83.5,75,98,2.91,BO,2022-12-14 22:03:23
513,Sao Joao Batista,-27.2761,-48.8494,74.03,81,35,2.28,BR,2022-12-14 22:03:23
514,Half Moon Bay,37.4636,-122.4286,56.91,64,0,6.91,US,2022-12-14 22:02:31
515,Carlos Antonio Lopez,-26.4,-54.7667,81.43,44,0,2.8,PY,2022-12-14 22:03:24
516,Bolkhov,53.4433,36.0044,14.05,96,27,6.89,RU,2022-12-14 22:03:24
517,Waycross,31.2136,-82.354,71.83,94,40,4.61,US,2022-12-14 22:03:25
518,Adrar,20.5022,-10.0711,76.5,24,0,8.16,MR,2022-12-14 22:03:25
519,Kudahuvadhoo,2.6708,72.8944,80.78,74,18,10.09,MV,2022-12-14 22:03:25
520,Klaksvik,62.2266,-6.589,32.92,67,100,27.63,FO,2022-12-14 22:03:26
521,Puerto Escondido,15.85,-97.0667,85.03,61,40,10.36,MX,2022-12-14 22:03:26
522,Kasongo,-4.45,26.6667,65.86,98,100,0.69,CD,2022-12-14 22:03:26
523,Bandar-E Lengeh,26.5579,54.8807,70.57,49,2,3.06,IR,2022-12-14 22:03:27
524,Santa Fe,-31.6333,-60.7,93.29,43,0,3.0,AR,2022-12-14 22:03:27
525,Skaudvile,55.4167,22.6167,10.63,95,19,7.2,LT,2022-12-14 22:03:28
526,Nampula,-15.1165,39.2666,70.38,93,77,2.91,MZ,2022-12-14 22:03:28
527,Itarema,-2.9248,-39.9167,79.86,75,74,13.94,BR,2022-12-14 22:03:28
528,Makakilo City,21.3469,-158.0858,79.99,63,84,8.63,US,2022-12-14 22:01:33
529,Rio Grande,-32.035,-52.0986,70.74,63,0,15.86,BR,2022-12-14 22:03:29
530,Inhambane,-23.865,35.3833,76.75,86,31,5.73,MZ,2022-12-14 22:03:29
531,Olavarria,-36.8927,-60.3225,74.66,46,97,7.2,AR,2022-12-14 22:03:30
532,Camacha,33.0833,-16.3333,62.02,68,40,23.02,PT,2022-12-14 22:03:30
533,Batticaloa,7.7102,81.6924,76.6,84,100,6.85,LK,2022-12-14 22:03:31
534,Yangjiang,21.85,111.9667,56.1,56,95,6.76,CN,2022-12-14 22:00:27
535,Edd,13.9297,41.6925,78.8,61,37,16.15,ER,2022-12-14 22:03:31
536,Hansot,21.5833,72.8,75.38,63,100,7.78,IN,2022-12-14 22:03:32
537,Oksfjord,70.2396,22.3479,28.58,94,95,3.06,NO,2022-12-14 22:03:32
538,Yumen,40.2833,97.2,16.65,65,100,6.38,CN,2022-12-14 22:03:33
539,Proletarskiy,50.7914,35.7731,7.77,100,98,3.78,RU,2022-12-14 22:03:33
540,Amahai,-3.3333,128.9167,78.71,81,100,3.18,ID,2022-12-14 22:03:33
541,Sharqpur,31.4633,74.1,51.93,30,0,3.51,PK,2022-12-14 22:03:34
542,Villarrica,-25.75,-56.4333,79.7,48,0,2.8,PY,2022-12-14 22:03:34
543,Pacific Grove,36.6177,-121.9166,58.41,59,0,8.05,US,2022-12-14 22:03:35
544,Otane,-39.8833,176.6333,63.01,98,100,9.01,NZ,2022-12-14 22:03:35
545,Presidencia Roque Saenz Pena,-26.7852,-60.4388,91.45,21,0,6.08,AR,2022-12-14 22:03:35
546,Warsaw,52.2298,21.0118,24.91,91,75,11.5,PL,2022-12-14 22:02:12
547,Okahandja,-21.9833,16.9167,71.31,54,89,4.32,NA,2022-12-14 22:03:36
548,Saint-Francois,46.4154,3.9054,49.44,87,100,6.91,FR,2022-12-14 22:01:42
549,Shirokiy,49.758,129.523,-24.84,94,12,9.1,RU,2022-12-14 22:03:37
550,Young,-32.6833,-57.6333,92.39,13,0,4.65,UY,2022-12-14 22:03:37
551,Alekseyevsk,57.8406,108.3492,-8.36,96,100,6.87,RU,2022-12-14 22:03:37
552,Boa Vista,2.8197,-60.6733,87.78,51,20,4.61,BR,2022-12-14 22:03:38
553,Daru,-9.0763,143.2092,79.05,86,69,7.02,PG,2022-12-14 22:03:38
554,Bosaso,11.2842,49.1816,71.71,69,1,3.47,SO,2022-12-14 22:03:39
555,Bay Roberts,47.5999,-53.2648,38.66,98,100,4.0,CA,2022-12-14 22:04:39
556,Rafaela,-31.2503,-61.4867,92.98,16,0,5.01,AR,2022-12-14 22:04:40
557,Haimen,23.1935,116.6142,55.04,88,100,11.92,CN,2022-12-14 22:04:40
558,Sola,-13.8833,167.55,81.48,68,17,11.97,VU,2022-12-14 22:04:41
559,Djibo,14.1022,-1.6306,74.73,11,12,7.65,BF,2022-12-14 22:04:41
560,Dunedin,-45.8742,170.5036,63.81,70,100,4.0,NZ,2022-12-14 22:00:42
561,El Mante,22.7333,-98.9667,84.34,23,36,17.92,MX,2022-12-14 22:00:06
562,Springville,40.1652,-111.6107,32.65,78,75,6.91,US,2022-12-14 22:04:42
563,Dubbo,-32.25,148.6167,57.33,51,0,9.22,AU,2022-12-14 22:04:43
564,Verdun,49.25,5.3333,27.41,97,100,1.45,FR,2022-12-14 22:04:43
565,Riyadh,24.6877,46.7219,65.55,39,11,10.58,SA,2022-12-14 22:00:01
566,Mount Gambier,-37.8333,140.7667,53.65,68,100,9.28,AU,2022-12-14 22:01:20
567,Caala,-12.8525,15.5606,60.6,96,100,4.88,AO,2022-12-14 22:04:44
568,Bathsheba,13.2167,-59.5167,81.21,92,20,18.41,BB,2022-12-14 22:04:44
569,Lamar,33.6668,-95.5836,52.36,45,0,12.66,US,2022-12-14 22:04:45
570,Ures,29.4333,-110.4,64.18,18,0,5.28,MX,2022-12-14 22:04:45
571,Natal,-5.795,-35.2094,81.25,83,20,12.66,BR,2022-12-14 22:04:45
572,Pahrump,36.2083,-115.9839,52.25,32,0,5.99,US,2022-12-14 22:02:39
573,Mastung,29.7994,66.845,41.34,26,0,1.92,PK,2022-12-14 22:04:46
574,Gisborne,-38.6533,178.0042,63.54,92,100,14.5,NZ,2022-12-14 22:04:47
575,Marzuq,14.4,46.4667,59.63,46,6,1.74,YE,2022-12-14 22:04:48
576,Fez,34.0372,-4.9998,59.25,82,75,16.11,MA,2022-12-14 22:04:48
577,Athabasca,54.7169,-113.2854,15.01,94,7,2.44,CA,2022-12-14 22:04:48
578,Yhu,-25.05,-55.9167,75.96,53,0,3.24,PY,2022-12-14 22:04:49
579,Victor Harbor,-35.5667,138.6167,57.99,73,92,1.01,AU,2022-12-14 22:04:49
580,Sulphur Springs,33.1385,-95.6011,55.54,43,0,12.66,US,2022-12-14 22:04:50
581,Rawson,-43.3002,-65.1023,63.54,47,60,14.43,AR,2022-12-14 22:04:50
582,Puerto De La Cruz,28.414,-16.5487,70.03,81,24,4.0,ES,2022-12-14 22:03:25
